{
  "model_type": "XGBoost Regressor",
  "window_size": 50,
  "feature_count": 850,
  "feature_columns": [
    "operational_setting_1",
    "operational_setting_2",
    "operational_setting_3",
    "sensor_2",
    "sensor_3",
    "sensor_4",
    "sensor_7",
    "sensor_8",
    "sensor_9",
    "sensor_11",
    "sensor_12",
    "sensor_13",
    "sensor_14",
    "sensor_15",
    "sensor_17",
    "sensor_20",
    "sensor_21"
  ],
  "training_samples": 12584,
  "validation_samples": 3147,
  "test_samples": 8255,
  "model_params": {
    "n_estimators": 50,
    "learning_rate": 0.1,
    "max_depth": 6,
    "random_state": 42
  },
  "performance": {
    "train_mae": 13.550723934369676,
    "train_rmse": 18.9828481886618,
    "train_r2": 0.8907721432303841,
    "val_mae": 19.402880784629602,
    "val_rmse": 28.91938534165325,
    "val_r2": 0.7429775501984878,
    "test_mae": 26.4516207208928,
    "test_rmse": 36.44490974131702,
    "test_r2": 0.5126181584222407
  },
  "training_time": "0:00:03.607146",
  "training_date": "20251104_195027"
}